sigla_uf,ano,valor_referencia,valor_sistema,delta,delta_pct
RJ,2024,30078178113.46,18680424982.739998,-11397753130.720001,-37.89
RJ,2023,30178571535.739998,25101095171.899998,-5077476363.84,-16.82
RJ,2021,22159298379.71,18029257753.64,-4130040626.0699997,-18.64
BA,2024,14564714775.83,12103032603.23,-2461682172.6000004,-16.9
SP,2020,11355000115.86,9113561181.78,-2241438934.08,-19.74
RJ,2020,16569370016.84,14366577302.96,-2202792713.880001,-13.29
MA,2024,10843222764.619999,9020827384.78,-1822395379.8399982,-16.81
PA,2024,10524943606.869999,8717233489.63,-1807710117.2399998,-17.18
CE,2024,10794347073.240002,8999993917.73,-1794353155.5100021,-16.62
PE,2024,10505245753.21,8753522869.92,-1751722883.289999,-16.67
RJ,2022,34278676918.21,32539288969.019997,-1739387949.1900024,-5.07
SP,2018,4549030542.28,6209692311.76,1660661769.4800005,36.51
MG,2024,9048356594.1,7471480320.24,-1576876273.8600006,-17.43
SP,2024,5621669447.24,4155159051.79,-1466510395.4499998,-26.09
SP,2022,9004963804.17,7676756921.44,-1328206882.7300005,-14.75
PB,2024,7100646253.1,5918597695.2699995,-1182048557.8300009,-16.65
MG,2020,8519896498.92,7341752529.82,-1178143969.1000004,-13.83
BA,2026,8490397751.37,7359694301.049999,-1130703450.3200006,-13.32
AL,2024,6624654739.059999,5505330648.84,-1119324090.2199993,-16.9
PI,2024,6493668224.71,5407733890.83,-1085934333.88,-16.72
RN,2024,6292766009.66,5210648056.43,-1082117953.2299995,-17.2
BA,2020,10051513687.83,9008590153.43,-1042923534.3999996,-10.38
SE,2024,6120815748.589999,5089870480.219999,-1030945268.3699999,-16.84
AM,2024,5602506148.36,4589721329.84,-1012784818.5199995,-18.08
ES,2024,4257314620.1400003,3248092254.39,-1009222365.7500005,-23.71
BA,2023,13207693624.52,12229453443.48,-978240181.0400009,-7.41
TO,2024,5869068688.9800005,4899058380.67,-970010308.3100004,-16.53
PR,2024,5502554474.7,4572145473.75,-930409000.9499998,-16.91
BA,2022,12448577673.710001,11520480376.28,-928097297.4300003,-7.46
AC,2024,5486523998.25,4563303632.24,-923220366.0100002,-16.83
AP,2024,5302361117.86,4412529325.349999,-889831792.5100002,-16.78
CE,2026,6475220506.67,5589435038.72,-885785467.9499998,-13.68
MA,2026,6390842513.7699995,5530171215.900001,-860671297.8699989,-13.47
PA,2026,6170952218.25,5320260649.87,-850691568.3800001,-13.79
RS,2023,4580711808.93,3734952628.9300003,-845759180.0,-18.46
BA,2021,10064023612.07,9221395913.89,-842627698.1800003,-8.37
PE,2026,6103736186.37,5267579490.94,-836156695.4300003,-13.7
GO,2024,4784756626.24,3961506660.6699996,-823249965.5700002,-17.21
SP,2021,5287211433.95,4508918706.19,-778292727.7600002,-14.72
MG,2022,8578495059.2,7801970326.06,-776524733.1399994,-9.05
PA,2023,9901867908.5,9130420770.869999,-771447137.6300011,-7.79
PR,2023,5605126399.82,4858754711.81,-746371688.0099993,-13.32
RR,2024,4364287163.27,3622580249.77,-741706913.5000005,-16.99
MT,2024,4012503045.12,3271778138.49,-740724906.6300001,-18.46
PA,2020,7498535485.860001,6764277946.01,-734257539.8500004,-9.79
RO,2024,4347693357.09,3619324838.7999997,-728368518.2900004,-16.75
MG,2026,5138724727.63,4414535245.82,-724189481.8100004,-14.09
RS,2020,4785513123.3,4074700384.84,-710812738.46,-14.85
PA,2022,9636446604.53,8925663848.67,-710782755.8600006,-7.38
PE,2020,7061448578.98,6353620709.58,-707827869.3999996,-10.02
PR,2020,5257168945.38,4552463226.1,-704705719.2799997,-13.4
CE,2020,7269072482.620001,6568654289.22,-700418193.4000006,-9.64
PA,2021,7822510299.25,7139540838.2300005,-682969461.0199995,-8.73
MA,2022,9299064138.46,8619633634.54,-679430503.9199982,-7.31
ES,2023,4280638530.5400004,3609228005.07,-671410525.4700003,-15.68
CE,2023,9798476239.240002,9143494157.439999,-654982081.800003,-6.68
PE,2022,8851506915.28,8200363320.53,-651143594.750001,-7.36
CE,2022,8968432422.13,8318095452.35,-650336969.7799988,-7.25
SP,2023,5362760608.2,4715049974.27,-647710633.9299994,-12.08
MA,2020,7052797803.929999,6414366963.92,-638430840.0099993,-9.05
MA,2021,7484075616.83,6845915100.38,-638160516.4499998,-8.53
RS,2024,4516092955.38,3879204332.6200004,-636888622.7599998,-14.1
GO,2023,5064242348.559999,4435339746.65,-628902601.9099998,-12.42
CE,2021,7314049978.18,6694915709.45,-619134268.7300005,-8.46
PE,2021,6965720639.099999,6372778403.210001,-592942235.8899984,-8.51
PB,2026,4221448543.7799997,3639026448.3300004,-582422095.4499993,-13.8
ES,2021,4310554755.68,3746563872.28,-563990883.4000001,-13.08
BA,2019,8074576664.61,7515915945.110001,-558660719.499999,-6.92
MG,2021,6438193435.35,5883622370.7,-554571064.6500006,-8.61
MA,2023,9509085144.14,8961889685.919998,-547195458.2200012,-5.75
PI,2026,3901948207.19,3368881391.6600003,-533066815.52999973,-13.66
PE,2023,9122512069.02,8594452891.1,-528059177.9200001,-5.79
AL,2026,3820310300.09,3292740599.69,-527569700.4000001,-13.81
MT,2020,3891802774.43,3381063682.6499996,-510739091.7800002,-13.12
GO,2020,3857610678.07,3355006612.06,-502604066.0100002,-13.03
PB,2023,6586621927.030001,6084373827.2,-502248099.8300009,-7.63
SE,2026,3664025383.4199996,3166093728.83,-497931654.5899997,-13.59
RN,2026,3661059716.86,3173647603.43,-487412113.4300003,-13.31
GO,2022,4670435674.27,4186849496.8099995,-483586177.460001,-10.35
MG,2023,7653835054.150001,7179119819.049999,-474715235.10000134,-6.2
AC,2026,3314427603.82,2846151538.85,-468276064.97000027,-14.13
MT,2023,4125559342.42,3659891319.6899996,-465668022.7300005,-11.29
AM,2026,3326888254.92,2861882543.3199997,-465005711.6000004,-13.98
TO,2026,3468988765.88,3008577002.92,-460411762.96000004,-13.27
ES,2020,3946894308.99,3498311314.75,-448582994.2399998,-11.37
PB,2022,6052730678.84,5610610571.4,-442120107.44000053,-7.3
SC,2023,2616987453.12,2177292167.2000003,-439695285.9199996,-16.8
AP,2026,3134646362.84,2696951817.18,-437694545.6600003,-13.96
SC,2020,2708484604.62,2275660183.27,-432824421.3499999,-15.98
CE,2019,5992442271.360001,5561210926.01,-431231345.3500004,-7.2
MA,2019,5997625293.139999,5570579177.34,-427046115.79999924,-7.12
RN,2023,5630563776.22,5206898150.08,-423665626.14000034,-7.52
RJ,2026,14293057453.84,13874491743.71,-418565710.13000107,-2.93
PB,2020,4539112157.97,4121044769.01,-418067388.96000004,-9.21
PE,2019,5705075171.54,5296550958.41,-408524213.1300001,-7.16
PB,2021,4778232549.379999,4370939434.459999,-407293114.9200001,-8.52
PI,2022,5593074336.24,5186930342.89,-406143993.3499994,-7.26
AL,2022,5581342060.69,5175846520.82,-405495539.8699999,-7.27
RN,2022,5456019290.91,5058240130.95,-397779159.96000004,-7.29
SC,2024,2438393107.35,2043080384.34,-395312723.01,-16.21
PR,2026,2949825879.4799995,2560038723.24,-389787156.2399998,-13.21
MS,2024,2259508417.21,1871320048.79,-388188368.4200001,-17.18
RN,2020,4170456973.57,3783622620.64,-386834352.9300003,-9.28
AM,2020,3610060759.27,3224401267.07,-385659492.1999998,-10.68
AL,2021,4404363010.45,4021060208.4199996,-383302802.0300002,-8.7
RR,2026,2638478633.23,2255897513.24,-382581119.99000025,-14.5
MT,2022,4113303675.8500004,3731553954.85,-381749721.0000005,-9.28
PI,2021,4424831672.17,4044034240.44,-380797431.73,-8.61
AL,2020,4128624346.2400002,3752334584.43,-376289761.8100004,-9.11
TO,2022,5252795493.9800005,4876717191.8,-376078302.1800003,-7.16
PA,2019,5883501761.28,5508143292.28,-375358469.0,-6.38
PI,2020,4139602016.27,3764822792.7499995,-374779223.52000046,-9.05
RN,2021,4395624316.48,4021241270.6800003,-374383045.79999924,-8.52
GO,2026,2754294762.2599998,2381524422.27,-372770339.9899998,-13.53
PR,2022,5132870271.95,4766580220.86,-366290051.09000015,-7.14
SE,2022,5116511339.04,4750403954.52,-366107384.5199995,-7.16
RO,2026,2611754097.96,2246556444.44,-365197653.52,-13.98
TO,2021,4267626647.96,3908377621.62,-359249026.34000015,-8.42
AL,2023,5733023514.54,5375493559.95,-357529954.59000015,-6.24
AM,2023,4922291704.81,4565633536.13,-356658168.6800003,-7.25
SE,2021,4179296653.66,3824097355.3599997,-355199298.3000002,-8.5
SE,2020,3930359855.0,3575615637.66,-354744217.34000015,-9.03
AM,2022,4871923632.26,4520943754.13,-350979878.1300001,-7.2
PI,2023,5743331138.19,5396713243.92,-346617894.2699995,-6.04
TO,2020,3948145740.65,3606099897.46,-342045843.19000006,-8.66
RS,2018,2244289442.04,2584289129.16,339999687.1199999,15.15
AM,2021,3665319356.9700003,3328581427.2500005,-336737929.7199998,-9.19
AP,2022,4574425093.7699995,4245055030.19,-329370063.57999945,-7.2
TO,2023,5541427634.63,5214635287.309999,-326792347.32000065,-5.9
AC,2022,4538184583.75,4212101976.3399997,-326082607.4100003,-7.19
SE,2023,5433906494.56,5110562439.31,-323344055.25,-5.95
PR,2021,3862333257.81,3546184822.47,-316148435.34000015,-8.19
PR,2018,3052138880.0699997,3366736082.8,314597202.7300005,10.31
AP,2021,3586546206.25,3274086822.01,-312459384.2399998,-8.71
AC,2021,3567936615.73,3257541766.82,-310394848.90999985,-8.7
AP,2023,4784768897.889999,4474694909.68,-310073988.2099991,-6.48
AC,2023,4732833994.58,4424117736.51,-308716258.0699997,-6.52
DF,2018,529557118.22999996,833345445.11,303788326.88000005,57.37
RR,2023,3824799051.88,3529603763.83,-295195288.0500002,-7.72
RS,2026,2213006562.44,1917953730.39,-295052832.04999995,-13.33
GO,2021,3516109280.2799997,3225701713.4900002,-290407566.7899995,-8.26
AP,2020,3314115688.96,3025969948.04,-288145740.9200001,-8.69
SP,2026,2641741827.72,2354886074.67,-286855753.0499997,-10.86
RO,2020,2927920157.04,2641068350.1,-286851806.94000006,-9.8
MG,2019,4878400922.35,4591850315.57,-286550606.7800007,-5.87
RO,2023,4152698956.5,3866687721.46,-286011235.03999996,-6.89
PB,2019,3861328937.09,3580987788.87,-280341148.22000027,-7.26
MG,2018,4404530114.02,4683325315.83,278795201.80999947,6.33
AC,2020,3239106639.36,2965455239.3799996,-273651399.9800005,-8.45
ES,2022,4632704061.72,4361258490.65,-271445571.07000065,-5.86
MT,2026,2135584290.82,1868975508.53,-266608782.28999996,-12.48
MS,2020,2067797587.6599998,1802343597.54,-265453990.1199999,-12.84
RO,2022,3687377109.25,3422885249.75,-264491859.5,-7.17
RR,2022,3652851206.56,3388444153.68,-264407052.8800001,-7.24
RS,2022,3511473564.5499997,3250188806.1600003,-261284758.3899994,-7.44
RO,2021,2983775788.55,2724913430.65,-258862357.9000001,-8.68
PI,2019,3582405555.5,3326213042.4799995,-256192513.02000046,-7.15
TO,2019,3491658411.45,3238264762.77,-253393648.67999983,-7.26
RR,2020,2484090693.59,2231154227.59,-252936466.0,-10.18
AL,2019,3550757298.0,3301038106.44,-249719191.55999994,-7.03
RN,2019,3623268943.29,3375939024.36,-247329918.92999983,-6.83
SE,2019,3454716624.86,3209933207.71,-244783417.1500001,-7.09
MT,2021,2892806647.52,2648829415.89,-243977231.6300001,-8.43
RR,2021,2713323863.72,2472969896.44,-240353967.27999973,-8.86
ES,2026,2606986858.16,2366678237.94,-240308620.2199998,-9.22
RS,2021,2880784208.19,2649365588.06,-231418620.1300001,-8.03
DF,2020,1293081485.6499999,1072752682.9399999,-220328802.70999992,-17.04
AC,2019,2890008116.46,2684863433.76,-205144682.6999998,-7.1
MS,2026,1454847509.02,1252182263.39,-202665245.62999988,-13.93
AP,2019,2824440025.3,2621871327.79,-202568697.51000023,-7.17
MS,2023,2168076093.6,1968995271.24,-199080822.3599999,-9.18
SC,2026,1383616285.6299999,1187647946.29,-195968339.3399999,-14.16
RJ,2018,15416947546.0,15610736610.18,193789064.1800003,1.26
PR,2019,3201520749.59,3016117649.7299995,-185403099.8600006,-5.79
DF,2023,1192774204.58,1009341350.5,-183432854.07999992,-15.38
DF,2024,1065646098.81,889551498.65,-176094600.15999997,-16.52
GO,2019,2596783828.6200004,2423383903.13,-173399925.49000025,-6.68
AM,2019,2857268823.61,2684652682.14,-172616141.47000027,-6.04
RO,2019,2452533627.3300004,2281615940.57,-170917686.76000023,-6.97
SC,2022,2201228865.1800003,2031374325.9699998,-169854539.21000051,-7.72
SC,2018,1299805400.7,1455708253.52,155902852.81999993,11.99
MS,2022,2135405171.46,1981022510.8100002,-154382660.64999986,-7.23
RJ,2019,16714292237.08,16563620183.21,-150672053.87000084,-0.9
RS,2019,2457303428.4900002,2306837757.91,-150465670.5800004,-6.12
RR,2019,2101003956.85,1952084566.6899998,-148919390.1600001,-7.09
BA,2018,7221764557.650001,7368399563.249999,146635005.59999847,2.03
SC,2021,1819083749.9199998,1677418384.17,-141665365.74999976,-7.79
AM,2018,2427843803.22,2568025427.7799997,140181624.55999994,5.77
MS,2021,1634667434.14,1495202213.24,-139465220.9000001,-8.53
MT,2019,2227522320.06,2088941153.8,-138581166.26,-6.22
PA,2018,5095354588.62,5227036601.39,131682012.77000046,2.58
GO,2018,2309986474.33,2419596511.6,109610037.26999998,4.75
MT,2018,1811898474.61,1916798828.78,104900354.17000008,5.79
ES,2019,4327280345.08,4226976137.8599997,-100304207.22000027,-2.32
SP,2019,4376149586.12,4285535836.91,-90613749.21000004,-2.07
DF,2026,626100550.79,540882975.77,-85217575.01999998,-13.61
MS,2019,1323848378.41,1239448545.41,-84399833.0,-6.38
SC,2019,1367787200.64,1283738911.05,-84048289.59000015,-6.14
MS,2018,1123561448.22,1197022982.49,73461534.26999998,6.54
PE,2018,5036652397.7699995,5108598938.660001,71946540.8900013,1.43
DF,2022,907272723.38,842231161.8100001,-65041561.56999993,-7.17
DF,2021,713690351.31,653455280.51,-60235070.79999995,-8.44
ES,2018,3360619453.29,3411749811.54,51130358.25,1.52
DF,2019,583867643.6,543645159.75,-40222483.850000024,-6.89
BA,2025,15845943372.08,15881825907.94,35882535.86000061,0.23
PA,2025,11514701347.22,11549663342.449999,34961995.22999954,0.3
MA,2018,5308447390.57,5330792325.17,22344934.60000038,0.42
PR,2016,3060216381.1,3038320772.8199997,-21895608.28000021,-0.72
SP,2025,5174421097.87,5195828969.389999,21407871.519999504,0.41
PI,2018,3136017737.32,3156870806.07,20853068.75,0.66
MG,2016,4641942252.39,4621098427.49,-20843824.900000572,-0.45
PR,2025,6029342914.93,6048931481.28,19588566.349999428,0.32
AL,2018,3086796146.32,3071247457.92,-15548688.400000095,-0.5
SP,2016,2721523317.91,2707038367.8599997,-14484950.05000019,-0.53
SE,2018,3059208319.5899997,3045765785.46,-13442534.129999638,-0.44
RR,2018,1788714883.8600001,1775444489.55,-13270394.310000181,-0.74
MA,2025,11820947747.77,11834154818.949999,13207071.179998398,0.11
PB,2018,3449779939.52,3462762698.19,12982758.670000076,0.38
PA,2016,5034177224.45,5021319640.299999,-12857584.150000572,-0.26
AP,2018,2485694249.22,2473602292.04,-12091957.179999828,-0.49
CE,2018,5335896209.179999,5347683438.99,11787229.81000042,0.22
GO,2016,2458184362.9,2447240883.69,-10943479.210000038,-0.45
TO,2018,3116079946.2,3105862248.66,-10217697.539999962,-0.33
PI,2025,7035581135.29,7045358908.03,9777772.739999771,0.14
RO,2016,2162818413.41,2153217216.77,-9601196.639999866,-0.44
RO,2018,2149270734.6600003,2158782209.38,9511474.71999979,0.44
CE,2025,11881728154.449999,11890767896.269999,9039741.819999695,0.08
SC,2016,1333651521.01,1324630010.76,-9021510.25,-0.68
RS,2016,2374983573.3199997,2366068914.25,-8914659.069999695,-0.38
PE,2025,11509369636.02,11518159176.560001,8789540.540000916,0.08
BA,2016,7055557783.7699995,7047756000.62,-7801783.1499996185,-0.11
AC,2018,2498744212.75,2492312733.2499995,-6431479.500000477,-0.26
MS,2016,1250771164.32,1244677674.25,-6093490.069999933,-0.49
GO,2025,4905934675.13,4911791347.389999,5856672.259999275,0.12
ES,2025,4618157550.78,4623329474.63,5171923.8500003815,0.11
AM,2025,6135200404.83,6139864524.320001,4664119.490000725,0.08
MS,2025,2631869122.65,2636080330.12,4211207.46999979,0.16
RN,2018,3186595367.7400002,3189910038.83,3314671.0899996758,0.1
MA,2016,5230065672.61,5226985018.389999,-3080654.220000267,-0.06
TO,2016,3060570595.85,3057496090.41,-3074505.440000057,-0.1
AL,2016,3021080441.87,3018079788.1499996,-3000653.720000267,-0.1
MT,2016,2329940301.52,2327124763.41,-2815538.1100001335,-0.12
PE,2016,4817007856.099999,4814266790.379999,-2741065.720000267,-0.06
RN,2025,7078034632.330001,7080762885.9800005,2728253.6499996185,0.04
AL,2025,7215570063.71,7218278707.76,2708644.0500001907,0.04
SC,2025,2804786930.96,2807466007.11,2679076.1500000954,0.1
AP,2016,2435600473.5299997,2433051335.2000003,-2549138.329999447,-0.1
AC,2025,6213792239.59,6216245820.780001,2453581.190000534,0.04
CE,2016,5178177416.93,5175735399.650001,-2442017.279999733,-0.05
SE,2016,2967585702.37,2965242027.57,-2343674.799999714,-0.08
SE,2025,6900529119.879999,6902622334.53,2093214.6500005722,0.03
RS,2025,4355361431.69,4357445087.07,2083655.3800001144,0.05
RJ,2016,5584447047.4800005,5582401046.469999,-2046001.0100011826,-0.04
TO,2025,6348195753.16,6350210684.96,2014931.8000001907,0.03
PI,2016,3064454052.57,3062714482.88,-1739569.6900000572,-0.06
AM,2016,2401333444.96,2399602385.55,-1731059.4099998474,-0.07
MT,2025,4197598038.41,4199245245.17,1647206.7600002289,0.04
PB,2016,3363253146.3,3361617451.44,-1635694.8600001335,-0.05
RN,2016,3102551963.29,3101011940.7,-1540022.5900001526,-0.05
AC,2016,2451634866.94,2450192805.59,-1442061.3499999046,-0.06
MG,2025,9374806362.24,9375943269.53,1136907.2900009155,0.01
RJ,2025,30572368609.87,30573442280.68,1073670.8100013733,0.0
RR,2016,1770031303.8500001,1769021042.42,-1010261.4300000668,-0.06
DF,2025,1157266346.18,1158260499.15,994152.9700000286,0.09
AP,2025,5423560220.45,5424476294.8,916074.3500003815,0.02
ES,2016,2544120867.37,2543251382.79,-869484.5799999237,-0.03
RJ,2017,8960572538.5,8960222913.869999,-349624.6300010681,-0.0
RO,2025,4890508667.87,4890591424.01,82756.14000034332,0.0
PB,2025,7696155446.85,7696233527.92,78081.06999969482,0.0
RR,2025,4852898032.67,4852960855.38,62822.71000003815,0.0
DF,2016,516838012.64,516811231.74,-26780.899999976158,-0.01
CE,2017,4988750026.37,4988750026.369999,-9.5367431640625e-07,-0.0
GO,2017,2292291264.6600003,2292291264.66,-4.76837158203125e-07,-0.0
RR,2017,1663500520.55,1663500520.5500002,2.384185791015625e-07,0.0
AP,2017,2307953795.9,2307953795.9,0.0,0.0
SE,2017,2866301764.06,2866301764.06,0.0,0.0
AL,2017,2878209987.77,2878209987.77,0.0,0.0
SP,2017,3487218833.27,3487218833.27,0.0,0.0
AM,2017,2168357798.66,2168357798.66,0.0,0.0
PA,2017,4736529774.02,4736529774.02,0.0,0.0
PB,2017,3225156207.38,3225156207.38,0.0,0.0
MG,2017,4222105861.62,4222105861.62,0.0,0.0
PR,2017,3026291085.6,3026291085.6,0.0,0.0
PE,2017,4694879874.75,4694879874.75,0.0,0.0
PI,2017,2932983394.71,2932983394.71,0.0,0.0
TO,2017,2942978379.6600003,2942978379.6600003,0.0,0.0
MT,2017,2079557867.69,2079557867.69,0.0,0.0
MS,2017,1160244377.72,1160244377.72,0.0,0.0
RN,2017,2964013131.6400003,2964013131.6400003,0.0,0.0
ES,2017,2691594717.06,2691594717.06,0.0,0.0
RO,2017,2028515409.8500001,2028515409.8500001,0.0,0.0
MA,2017,4993461808.599999,4993461808.599999,0.0,0.0
BA,2017,6811355946.26,6811355946.26,0.0,0.0
DF,2017,503788229.56,503788229.56,0.0,0.0
RS,2017,2298443332.6,2298443332.6,0.0,0.0
SC,2017,1246427995.75,1246427995.75,0.0,0.0
AC,2017,2314038347.31,2314038347.31,0.0,0.0
